record_id,pmid,pmcid,doi,title,authors,journal,year,url,category,category_label,evidence_type,key_findings,physical_model_use,spatial_scale,model_readiness,publication_types,abstract
25877329,25877329,PMC4822336,10.1038/nrc3911,A RASopathy gene commonly mutated in cancer: the neurofibromatosis type 1 tumour suppressor.,Ratner N; Miller SJ,Nature reviews. Cancer,2015,https://pubmed.ncbi.nlm.nih.gov/25877329/,genetics_signaling,Genetics/signaling,review,NF1 is a tumor suppressor and RASopathy gene; neurofibromin loss dysregulates RAS/MAPK and other growth-control programs.,Defines the intracellular growth-state switch for NF1-deficient Schwann-lineage agents.,0.3,3.0,"Journal Article; Research Support, N.I.H., Extramural; Research Support, Non-U.S. Gov't; Research Support, U.S. Gov't, Non-P.H.S.; Review","Neurofibromatosis type 1 (NF1) is a common genetic disorder that predisposes affected individuals to tumours. The NF1 gene encodes a RAS GTPase-activating protein called neurofibromin and is one of several genes that (when mutant) affect RAS-MAPK signalling, causing related diseases collectively known as RASopathies. Several RASopathies, beyond NF1, are cancer predisposition syndromes. Somatic NF1 mutations also occur in 5-10% of human sporadic cancers and may contribute to resistance to therapy. To highlight areas for investigation in RASopathies and sporadic tumours with NF1 mutations, we summarize current knowledge of NF1 disease, the NF1 gene and neurofibromin, neurofibromin signalling pathways and recent developments in NF1 therapeutics."
26860753,26860753,,10.1016/j.semcdb.2016.02.007,Neurofibromatosis type 1: Fundamental insights into cell signalling and cancer.,Rad E; Tee AR,Seminars in cell & developmental biology,2016,https://pubmed.ncbi.nlm.nih.gov/26860753/,genetics_signaling,Genetics/signaling,review,Summarizes neurofibromin as a multifunctional tumor suppressor with RAS-GAP and non-RAS signaling roles.,Supports representing NF1 loss as a signaling-state change rather than only a proliferation constant.,0.3,2.8,"Journal Article; Research Support, Non-U.S. Gov't; Review","Neurofibromatosis type 1 (NF1) is an autosomal dominant tumour predisposition syndrome that is caused through loss of function mutations of a tumour suppressor gene called Neurofibromin 1. Therapeutic options are currently limited for NF1-associated tumours, where treatment is often restricted to complete surgical resection with clear margins. Herein, we discuss the multifunctional tumour suppressive role of neurofibromin, which is classically known as a GTPase activating protein (GAP) towards the RAS small GTPase. While neurofibromin inhibits proliferative growth through blockade of RAS-mediated signal transduction, neurofibromin should also be considered as a modulator of cell motility and cell adhesion. Through interfacing with the cytoskeleton and membrane structures, neurofibromin acts as a negative regulator of RHO/ROCK signalling pathways involved in cytoskeletal dynamics that are instrumental in proper neuronal development. In the context of cancer, the loss of normal function of neurofibromin via genetic mutation results in heightened cell proliferation and migration, predisposing NF1 patients to cancer. Malignant Peripheral Nerve Sheath Tumours (MPNSTs) can develop from benign neurofibromas and are the main cause of death amongst NF1 patients. Through recent research on MPNSTs, we have gained insight into the key molecular events that drive their malignancy. Advances regarding malignant drivers involved in cell migration, cell invasion and angiogenic signalling are discussed in this review, where these findings will likely influence future therapies for both NF1 and related sporadic cancers."
11988578,11988578,PMC3024710,10.1126/science.1068452,Neurofibromas in NF1: Schwann cell origin and role of tumor environment.,Zhu Y; Ghosh P; Charnay P; Burns DK; Parada LF,"Science (New York, N.Y.)",2002,https://pubmed.ncbi.nlm.nih.gov/11988578/,cell_origin,Cell of origin,mouse genetics,Classic evidence that neurofibroma initiation involves Schwann-cell NF1 loss and a permissive tumor environment.,Makes Schwann-lineage cells the initiating tumor cell class in a physical model.,1.0,4.0,"Journal Article; Research Support, Non-U.S. Gov't; Research Support, U.S. Gov't, Non-P.H.S.; Research Support, U.S. Gov't, P.H.S.","Neurofibromatosis type 1 (NF1) is one of the most prevalent dominantly inherited genetic diseases of the nervous system. NF1 encodes a tumor suppressor whose functional loss results in the development of benign neurofibromas that can progress to malignancy. Neurofibromas are complex tumors composed of axonal processes, Schwann cells, fibroblasts, perineurial cells, and mast cells. Through use of a conditional (cre/lox) allele, we show that loss of NF1 in the Schwann cell lineage is sufficient to generate tumors. In addition, complete NF1-mediated tumorigenicity requires both a loss of NF1 in cells destined to become neoplastic as well as heterozygosity in non-neoplastic cells. The requirement for a permissive haploinsufficient environment to allow tumorigenesis may have therapeutic implications for NF1 and other familial cancers."
18984156,18984156,PMC2788814,10.1016/j.cell.2008.08.041,Nf1-dependent tumors require a microenvironment containing Nf1+/-- and c-kit-dependent bone marrow.,Yang FC; Ingram DA; Chen S; Zhu Y; Yuan J; Li X; Yang X; Knowles S; et al.,Cell,2008,https://pubmed.ncbi.nlm.nih.gov/18984156/,microenvironment,Microenvironment,mouse genetics,Nf1-dependent tumors required an Nf1+/- and c-kit-dependent bone marrow/microenvironment component.,"Adds host stromal/hematopoietic recruitment as a required state variable, not a passive background.",2.3,4.0,"Journal Article; Research Support, N.I.H., Extramural; Research Support, Non-U.S. Gov't; Research Support, U.S. Gov't, Non-P.H.S.","Interactions between tumorigenic cells and their surrounding microenvironment are critical for tumor progression yet remain incompletely understood. Germline mutations in the NF1 tumor suppressor gene cause neurofibromatosis type 1 (NF1), a common genetic disorder characterized by complex tumors called neurofibromas. Genetic studies indicate that biallelic loss of Nf1 is required in the tumorigenic cell of origin in the embryonic Schwann cell lineage. However, in the physiologic state, Schwann cell loss of heterozygosity is not sufficient for neurofibroma formation and Nf1 haploinsufficiency in at least one additional nonneoplastic lineage is required for tumor progression. Here, we establish that Nf1 heterozygosity of bone marrow-derived cells in the tumor microenvironment is sufficient to allow neurofibroma progression in the context of Schwann cell Nf1 deficiency. Further, genetic or pharmacologic attenuation of c-kit signaling in Nf1+/- hematopoietic cells diminishes neurofibroma initiation and progression. Finally, these studies implicate mast cells as critical mediators of tumor initiation."
19427294,19427294,PMC2737469,10.1016/j.stem.2009.03.017,Cell of origin and microenvironment contribution for NF1-associated dermal neurofibromas.,Le LQ; Shipman T; Burns DK; Parada LF,Cell stem cell,2009,https://pubmed.ncbi.nlm.nih.gov/19427294/,cell_origin,Cell of origin,mouse genetics,Dermal neurofibroma formation was linked to susceptible skin-derived precursor/Schwann-lineage populations and local microenvironment.,Separates cutaneous/dermal origin assumptions from plexiform origin assumptions.,1.5,4.0,"Journal Article; Research Support, N.I.H., Extramural; Research Support, Non-U.S. Gov't; Research Support, U.S. Gov't, Non-P.H.S.","The tumor predisposition disorder neurofibromatosis type I (NF1) is one of the most common genetic disorders of the nervous system. It is caused by mutations in the Nf1 tumor-suppressor gene, which encodes a GTPase-activating protein (GAP) that negatively regulates p21-RAS. Development of malignant nerve tumors and neurofibromas occurs frequently in NF1. However, little is known about the molecular mechanisms mediating the initiation and progression of these complex tumors, or the identity of the specific cell type that gives rise to dermal or cutaneous neurofibromas. In this study, we identify a population of stem/progenitor cells residing in the dermis termed skin-derived precursors (SKPs) that, through loss of Nf1, form neurofibromas. We propose that SKPs, or their derivatives, are the cell of origin of dermal neurofibroma. We also provide evidence that additional signals from nonneoplastic cells in the tumor microenvironment play essential roles in neurofibromagenesis."
21551250,21551250,PMC3145496,10.1158/0008-5472.CAN-10-4577,Susceptible stages in Schwann cells for NF1-associated plexiform neurofibroma development.,Le LQ; Liu C; Shipman T; Chen Z; Suter U; Parada LF,Cancer research,2011,https://pubmed.ncbi.nlm.nih.gov/21551250/,cell_origin,Cell of origin,mouse genetics,Defined developmental windows in Schwann cells that are susceptible for plexiform neurofibroma development.,Motivates an age/development-dependent initiation probability for plexiform tumors.,1.5,4.2,"Journal Article; Research Support, N.I.H., Extramural; Research Support, Non-U.S. Gov't; Research Support, U.S. Gov't, Non-P.H.S.","Stem cells are under strict regulation by both intrinsic factors and the microenvironment. There is increasing evidence that many cancers initiate through acquisition of genetic mutations (loss of intrinsic control) in stem cells or their progenitors, followed by alterations of the surrounding microenvironment (loss of extrinsic control). In neurofibromatosis type 1 (NF1), deregulation of Ras signaling results in development of multiple neurofibromas, complex tumors of the peripheral nerves. Neurofibromas arise from the Schwann cell lineage following loss of function at the NF1 locus, which initiates a cascade of interactions with other cell types in the microenvironment and additional cell autonomous modifications. In this study, we sought to identify whether a temporal ""window of opportunity"" exists during which cells of the Schwann cell lineage can give rise to neurofibromas following loss of NF1. We showed that acute loss of NF1 in both embryonic and adult Schwann cells can lead to neurofibroma formation. However, the embryonic period when Schwann cell precursors and immature Schwann cells are most abundant coincides with enhanced susceptibility to plexiform neurofibroma tumorigenesis. This model has important implications for understanding early cellular events that dictate neurofibroma development, as well as for the development of novel therapies targeting these tumors."
25446898,25446898,PMC4254535,10.1016/j.ccell.2014.09.009,Cells of origin in the embryonic nerve roots for NF1-associated plexiform neurofibroma.,Chen Z; Liu C; Patel AJ; Liao CP; Wang Y; Le LQ,Cancer cell,2014,https://pubmed.ncbi.nlm.nih.gov/25446898/,cell_origin,Cell of origin,mouse genetics,Identified embryonic nerve-root Schwann-lineage cells as cells of origin for NF1-associated plexiform neurofibroma.,Places plexiform tumor seeds on embryonic nerve-root/peripheral nerve topology.,1.7,4.4,"Journal Article; Research Support, N.I.H., Extramural; Research Support, Non-U.S. Gov't; Research Support, U.S. Gov't, Non-P.H.S.","Neurofibromatosis type 1 is a tumor-predisposing genetic disorder. Plexiform neurofibromas are common NF1 tumors carrying a risk of malignant transformation, which is typically fatal. Little is known about mechanisms mediating initiation and identity of specific cell type that gives rise to neurofibromas. Using cell-lineage tracing, we identify a population of GAP43(+) PLP(+) precursors in embryonic nerve roots as the cells of origin for these tumors and report a non-germline neurofibroma model for preclinical drug screening to identify effective therapies. The identity of the tumor cell of origin and facility for isolation and expansion provides fertile ground for continued analysis to define factors critical for neurofibromagenesis. It also provides unique approaches to develop therapies to prevent neurofibroma formation in NF1 patients."
30348677,30348677,PMC6328325,10.1158/2159-8290.CD-18-0151,Spatiotemporal Loss of NF1 in Schwann Cell Lineage Leads to Different Types of Cutaneous Neurofibroma Susceptible to Modification by the Hippo Pathway.,Chen Z; Mo J; Brosseau JP; Shipman T; Wang Y; Liao CP; Cooper JM; Allaway RJ; et al.,Cancer discovery,2018,https://pubmed.ncbi.nlm.nih.gov/30348677/,cell_origin,Cell of origin,mouse genetics and transcriptomics,Spatiotemporal NF1 loss in Schwann-lineage cells generated different cutaneous neurofibroma types and implicated Hippo/YAP modification.,"Links tumor subtype to timing, location, and mechanotransduction-sensitive signaling.",1.8,4.0,"Journal Article; Research Support, N.I.H., Extramural; Research Support, Non-U.S. Gov't; Research Support, U.S. Gov't, Non-P.H.S.","Neurofibromatosis type 1 (NF1) is a cancer predisposition disorder that results from inactivation of the tumor suppressor neurofibromin, a negative regulator of RAS signaling. Patients with NF1 present with a wide range of clinical manifestations, and the tumor with highest prevalence is cutaneous neurofibroma (cNF). Most patients harboring cNF suffer greatly from the burden of those tumors, which have no effective medical treatment. Ironically, none of the numerous NF1 mouse models developed so far recapitulate cNF. Here, we discovered that HOXB7 serves as a lineage marker to trace the developmental origin of cNF neoplastic cells. Ablating Nf1 in the HOXB7 lineage faithfully recapitulates both human cutaneous and plexiform neurofibroma. In addition, we discovered that modulation of the Hippo pathway acts as a ""modifier"" for neurofibroma tumorigenesis. This mouse model opens the doors for deciphering the evolution of cNF to identify effective therapies, where none exist today. SIGNIFICANCE: This study provides insights into the developmental origin of cNF, the most common tumor in NF1, and generates the first mouse model that faithfully recapitulates both human cutaneous and plexiform neurofibroma. The study also demonstrates that the Hippo pathway can modify neurofibromagenesis, suggesting that dampening the Hippo pathway could be an attractive therapeutic target.This article is highlighted in the In This Issue feature, p. 1."
32642729,32642729,PMC7317055,10.1093/noajnl/vdz044,New insights into the neurofibroma tumor cells of origin.,Li S; Chen Z; Le LQ,Neuro-oncology advances,2019,https://pubmed.ncbi.nlm.nih.gov/32642729/,cell_origin,Cell of origin,review,Reviews evolving evidence for neurofibroma tumor cells of origin across dermal/cutaneous and plexiform subtypes.,Useful guardrail for choosing the correct initiating-cell assumptions by subtype.,1.4,3.5,Journal Article; Review,"Neurofibromatosis type I (NF1) is a debilitating inherited tumor syndrome affecting around 1 in 3000 people. Patients present with a variety of tumors caused by biallelic loss of the tumor suppressor neurofibromin (NF1), a negative regulator of Ras signaling. While the mechanism of tumor formation is similar in the majority of NF1 cases, the clinical spectrum of tumors can vary depending on spatiotemporal loss of heterozygosity of NF1 in cells derived from the neural crest during development. The hallmark lesions that give NF1 its namesake are neurofibromas, which are benign Schwann cell tumors composed of nervous and fibrous tissue. Neurofibromas can be found in the skin (cutaneous neurofibroma) or deeper in body near nerve plexuses (plexiform neurofibroma). While neurofibromas have been known to be Schwann cell tumors for many years, the exact timing and initiating cell has remained elusive. This has led to difficulties in developing animal models and successful therapies for NF1. A culmination of recent genetic studies has finally begun to shed light on the detailed cellular origins of neurofibromatosis. In this review, we will examine the hunt for neurofibroma tumor cells of origin through a historical lens, detailing the genetic systems used to delineate the source of plexiform and cutaneous neurofibromas. Through these novel findings, we can better understand the cellular, temporal, and developmental context during tumor initiation. By leveraging this data, we hope to uncover new therapeutic targets and mechanisms to treat NF1 patients."
36139671,36139671,PMC9497298,10.3390/cancers14184513,Neurofibroma Development in Neurofibromatosis Type 1: Insights from Cellular Origin and Schwann Cell Lineage Development.,Ge LL; Xing MY; Zhang HB; Wang ZC,Cancers,2022,https://pubmed.ncbi.nlm.nih.gov/36139671/,cell_origin,Cell of origin,review,Synthesizes cellular-origin evidence through Schwann-cell lineage development for NF1 neurofibromas.,Maps lineage state to initiation and phenotype in a multi-state growth model.,1.4,3.5,Journal Article; Review,"BACKGROUND: Neurofibromatosis type 1 (NF1), a genetic tumor predisposition syndrome that affects about 1 in 3000 newborns, is caused by mutations in the NF1 gene and subsequent inactivation of its encoded neurofibromin. Neurofibromin is a tumor suppressor protein involved in the downregulation of Ras signaling. Despite a diverse clinical spectrum, one of several hallmarks of NF1 is a peripheral nerve sheath tumor (PNST), which comprises mixed nervous and fibrous components. The distinct spatiotemporal characteristics of plexiform and cutaneous neurofibromas have prompted hypotheses about the origin and developmental features of these tumors, involving various cellular transition processes. METHODS: We retrieved published literature from PubMed, EMBASE, and Web of Science up to 21 June 2022 and searched references cited in the selected studies to identify other relevant papers. Original articles reporting the pathogenesis of PNSTs during development were included in this review. We highlighted the Schwann cell (SC) lineage shift to better present the evolution of its corresponding cellular origin hypothesis and its important effects on the progression and malignant transformation of neurofibromas. CONCLUSIONS: In this review, we summarized the vast array of evidence obtained on the full range of neurofibroma development based on cellular and molecular pathogenesis. By integrating findings relating to tumor formation, growth, and malignancy, we hope to reveal the role of SC lineage shift as well as the combined impact of additional determinants in the natural history of PNSTs."
17215493,17215493,,10.1212/01.wnl.0000250332.89420.e6,NF1 plexiform neurofibroma growth rate by volumetric MRI: relationship to age and body weight.,Dombi E; Solomon J; Gillespie AJ; Fox E; Balis FM; Patronas N; Korf BR; Babovic-Vuksanovic D; et al.,Neurology,2007,https://pubmed.ncbi.nlm.nih.gov/17215493/,growth_natural_history,Growth/natural history,volumetric MRI cohort,Longitudinal volumetric MRI showed heterogeneous plexiform neurofibroma growth and faster growth in younger patients.,Provides patient-scale growth-rate calibration targets and a >=20% volume-change convention.,4.0,5.0,"Journal Article; Research Support, N.I.H., Intramural; Research Support, U.S. Gov't, Non-P.H.S.","OBJECTIVE: To longitudinally analyze changes in plexiform neurofibroma (PN) volume in relation to age and body growth in children and young adults with neurofibromatosis type 1 and inoperable, symptomatic, or progressive PNs, using a sensitive, automated method of volumetric MRI analysis. METHODS: We included patients 25 years of age and younger with PNs entered in a natural history study or in treatment trials who had volumetric MRI over > or =16 months. RESULTS: We studied 49 patients (median age 8.3 years) with 61 PNs and a median evaluation period of 34 months (range 18 to 70). The PN growth rates varied among patients, but were constant within patients. Thirty-four patients (69%) experienced > or =20% increase in PN volume during the observation period. PN volume increased more rapidly than body weight over time (p = 0.026). Younger patients had the most rapid PN growth rate. CONCLUSIONS: Volume increase of plexiform neurofibromas is a realistic and meaningful trial endpoint. In most patients plexiform neurofibroma growth rate exceeded body growth rate. The youngest patients had the fastest plexiform neurofibroma growth rate, and clinical drug development should be directed toward this population. Age stratification for clinical trials for plexiform neurofibromas should be considered."
23035791,23035791,PMC3524754,10.1186/1750-1172-7-75,Growth dynamics of plexiform neurofibromas: a retrospective cohort study of 201 patients with neurofibromatosis 1.,Nguyen R; Dombi E; Widemann BC; Solomon J; Fuensterer C; Kluwe L; Friedman JM; Mautner VF,Orphanet journal of rare diseases,2012,https://pubmed.ncbi.nlm.nih.gov/23035791/,growth_natural_history,Growth/natural history,whole-body MRI cohort,A 201-patient cohort found internal plexiform neurofibroma burden and growth rates that correlated with younger age and tumor volume.,Supports age-dependent and tumor-burden-dependent growth-rate priors.,4.2,5.0,"Journal Article; Research Support, Non-U.S. Gov't","BACKGROUND: To examine the natural growth dynamics of internal plexiform neurofibromas (PNs) in patients with neurofibromatosis 1 (NF1). METHODS: Two hundred and one NF1 patients underwent whole body MRI (WBMRI). Tumour burden was estimated volumetrically. Non-parametric Spearman's rho correlation coefficients were used to analyse the relationship of growth rate to tumour volume and age. Chi-squared and Mann-Whitney U tests were used for analysing the association of tumour occurrence with sex or age. Chi-squared tests were used to analyse the association of tumour growth with age group. RESULTS: Seventy-one of 171 patients with serial WBMRI exams had internal PNs (median follow up 2.2 years [1.1 to 4.9 years]). Median whole body tumour volume was 86.4 mL [5.2 to 5878.5 mL]) with a median growth rate of 3.7%/year (-13.4 to 111%/year) that correlated with larger whole body tumour volume (P<0.001) and lower age (P=0.004). No new PNs developed in 273.0 patient-years among patients without tumours. Rate of new tumour development among patients with PNs was 0.6%/year (95% confidence interval 0.02 to 3.4%). Twenty-seven (13.5%) tumours increased significantly and were more frequent among children (P<0.001). Growth rate of tumours was inversely correlated with age (Spearman's rho=-0.330, P<0.001). Seventy-one (35.5%) tumours had smaller volumes on follow up (median -3.4%/year [-0.07% to -35.9%/year]). CONCLUSION: Children with NF1 and internal PNs are at risk for tumour growth. Most PNs grow slowly or not at all, and some decrease in size. New tumours are infrequent in NF1 patients with PNs and unlikely in patients without PNs."
36332985,36332985,PMC9969927,10.1212/WNL.0000000000201535,Ten-Year Follow-up of Internal Neurofibroma Growth Behavior in Adult Patients With Neurofibromatosis Type 1 Using Whole-Body MRI.,Ly KI; Merker VL; Cai W; Bredella MA; Muzikansky A; Thalheimer RD; Da JL; Orr CC; et al.,Neurology,2022,https://pubmed.ncbi.nlm.nih.gov/36332985/,growth_natural_history,Growth/natural history,10-year adult whole-body MRI cohort,A decade-long adult cohort showed that internal neurofibroma growth is heterogeneous and often slower in adults than in children.,Constrains adult growth-rate priors and supports tumor-specific rather than uniform growth parameters.,4.3,5.0,"Journal Article; Research Support, N.I.H., Extramural; Research Support, Non-U.S. Gov't; Research Support, U.S. Gov't, Non-P.H.S.","BACKGROUND AND OBJECTIVES: Internal neurofibromas, including plexiform neurofibromas (PNF), can cause significant morbidity in patients with neurofibromatosis type 1 (NF1). PNF growth is most pronounced in children and young adults, with more rapid growth thought to occur in a subset of PNF termed distinct nodular lesions (DNL). Growth behavior of internal neurofibromas and DNL in older adults is not well documented; yet knowledge thereof is important for patient risk stratification and clinical trial design. The primary objective of this study was to evaluate the long-term growth behavior of internal neurofibromas in adults with NF1. Secondary objectives were to correlate tumor growth behavior with patient-specific, tumor-specific, and patient-reported variables. METHODS: In this prospective cohort study, internal neurofibromas were identified on coronal short TI inversion recovery sequences on baseline and follow-up whole-body MRIs (WBMRIs). Tumor growth and shrinkage were defined as a volume change ≥20%. The association between tumor growth and patient-specific (baseline age, sex, and genotype), tumor-specific (morphology, location, DNL presence on baseline WBMRI, and maximum standardized uptake value on baseline PET imaging), and patient-reported variables (endogenous and exogenous hormone exposure, pain intensity, and quality of life) was assessed using the Spearman correlation coefficient and Kruskal-Wallis test. RESULTS: Of 106 patients with a baseline WBMRI obtained as part of a previous research study, 44 had a follow-up WBMRI. Three additional patients with WBMRIs acquired for clinical care were included, generating 47 adults for this study. The median age during baseline WBMRI was 42 years (range 18-70). The median time between WBMRIs was 10.4 years. Among 324 internal neurofibromas, 62.8% (56% of PNF and 62.1% of DNL) shrank spontaneously without treatment and 17.1% (17.9% of PNF and 13.8% of DNL) grew. Growth patterns were heterogeneous within participants. Patient-specific, tumor-specific, and patient-reported variables (including endogenous and exogenous hormone exposure) were not strong predictors of tumor growth. DISCUSSION: Internal neurofibroma growth behavior in older adults differs fundamentally from that in children and young adults, with most tumors, including DNL, demonstrating spontaneous shrinkage. Better growth models are needed to understand factors that influence tumor growth. These results will inform clinical trial design for internal neurofibromas."
18559970,18559970,PMC2666233,10.1215/15228517-2008-011,Assessment of benign tumor burden by whole-body MRI in patients with neurofibromatosis 1.,Mautner VF; Asuagbor FA; Dombi E; Fünsterer C; Kluwe L; Wenzel R; Widemann BC; Friedman JM,Neuro-oncology,2008,https://pubmed.ncbi.nlm.nih.gov/18559970/,growth_natural_history,Growth/natural history,whole-body MRI cohort,Whole-body MRI was used to quantify benign internal tumor burden in NF1.,Defines imaging-derived tumor-burden observables for calibration and validation.,4.2,4.8,Journal Article,"People with neurofibromatosis 1 (NF1) have multiple benign neurofibromas and a 10% lifetime risk of developing malignant peripheral nerve sheath tumors (MPNSTs). Most MPNSTs develop from benign plexiform neurofibromas, so the burden of benign tumors may be a risk factor for developing MPNST. We studied 13 NF1 patients with MPNSTs and 26 age- and sex-matched controls (NF1 patients who did not have MPNSTs) with detailed clinical examinations and whole-body MRI to characterize their body burden of internal benign neurofibromas. Internal plexiform neurofibromas were identified in 22 (56%) of the 39 NF1 patients studied. All six of the NF1 patients with MPNSTs under 30 years of age had neurofibromas visualized on whole-body MRI, compared to only 3 of 11 matched NF1 controls under age 30 (p < 0.05). Both the median number of plexiform neurofibromas (p < 0.05) and the median neurofibroma volume (p < 0.01) on whole-body MRI were significantly greater among MPNST patients younger than 30 years of age than among controls. No significant differences in whole-body MRI findings were observed between NF1 patients with MPNSTs and controls who were 30 years of age or older. Whole-body MRI of NF1 patients allows assessment of the burden of internal neurofibromas, most of which are not apparent on physical examination. Whole-body imaging of young NF1 patients may allow those at highest risk for developing MPNST to be identified early in life. Close surveillance of these high-risk patients may permit earlier diagnosis and more effective treatment of MPNSTs that develop."
29718344,29718344,PMC6231202,10.1093/neuonc/noy067,Association of plexiform neurofibroma volume changes and development of clinical morbidities in neurofibromatosis 1.,Gross AM; Singh G; Akshintala S; Baldwin A; Dombi E; Ukwuani S; Goodwin A; Liewehr DJ; et al.,Neuro-oncology,2018,https://pubmed.ncbi.nlm.nih.gov/29718344/,growth_natural_history,Growth/natural history,natural history cohort,PN volume and changes were evaluated against clinically meaningful morbidities.,Connects simulated volume changes to functional outcomes and clinical relevance.,4.1,4.5,"Journal Article; Research Support, N.I.H., Intramural","BACKGROUND: Plexiform neurofibromas (PN) in neurofibromatosis 1 (NF1) can cause substantial morbidities. Clinical trials targeting PN have recently described decreases in PN volumes. However, no previous study has assessed the association between changes in PN volumes and PN-related morbidities. Our objective was to assess if increasing PN volume in NF1 is associated with increasing PN-related morbidity. METHODS: This is a retrospective review of patients enrolled on the NCI NF1 natural history study with ≥7 years of data available. Morbidities including pain, motor dysfunction, vision loss, and PN-related surgery were assessed at time of baseline PN MRI with volumetric analysis and time of MRI with maximum PN volume. RESULTS: Forty-one patients (median age at baseline 8 y) with 57 PN were included. At baseline, 40 PN had at least 1 PN-associated morbidity. During the observation period, 27 PN required increasing pain medication, and these PN grew faster per year (median difference 8.3%; 95% CI: 2.4, 13.8%) than those PN which did not. PN resulting in motor impairment at baseline (n = 11) had larger volumes compared with those that did not (median difference 461 mL; 95% CI: 66.9, 820). CONCLUSIONS: Many NF1 PN were associated with clinically significant morbidity at baseline, highlighting the need for longitudinal morbidity evaluations starting at an early age to capture changes in PN-associated morbidities. Prospective evaluation of standardized patient reported and functional outcomes in clinical trials are ongoing and may allow further characterization of the association of PN volume increase or decrease and clinical changes."
32152628,32152628,PMC7523449,10.1093/neuonc/noaa053,Longitudinal evaluation of peripheral nerve sheath tumors in neurofibromatosis type 1: growth analysis of plexiform neurofibromas and distinct nodular lesions.,Akshintala S; Baldwin A; Liewehr DJ; Goodwin A; Blakeley JO; Gross AM; Steinberg SM; Dombi E; et al.,Neuro-oncology,2020,https://pubmed.ncbi.nlm.nih.gov/32152628/,growth_natural_history,Growth/natural history,longitudinal imaging cohort,Analyzed growth of plexiform neurofibromas and distinct nodular lesions in NF1.,Suggests separating diffuse plexiform mass behavior from nodular lesion behavior.,4.1,4.8,"Journal Article; Research Support, N.I.H., Intramural; Research Support, Non-U.S. Gov't","BACKGROUND: Understanding the natural history of non-malignant peripheral nerve sheath tumors (PNSTs) in neurofibromatosis type 1 (NF1) is critical to optimal clinical care and the development of meaningful clinical trials. METHODS: We longitudinally analyzed growth of plexiform neurofibromas (PNs) and of PNSTs with distinct nodular appearance (distinct nodular lesions [DNLs]) using volumetric MRI analysis in patients enrolled on a natural history study (NCT00924196). RESULTS: DNLs were observed in 58/122 (45.6%) patients (median 2 DNLs/patient). In DNLs that developed during follow-up, median age of development was 17 years. A moderate negative correlation was observed between the estimated PN growth rate and patients' age at initial MRI (Spearman's r [95% CI]: -0.60 [-0.73, -0.43], n = 70), whereas only a weak correlation was observed for DNLs (Spearman's r [95% CI]: -0.25 [-0.47, 0.004]; n = 61). We observed a moderate negative correlation between tumor growth rate and baseline tumor volume for PNs and DNLs (Spearman's r [95% CI]: -0.52 [-0.67, -0.32] and -0.61 [-0.75, -0.42], respectively). Spontaneous tumor volume reduction was observed in 10 PNs and 7 DNLs (median decrease per year, 3.6% and 7.3%, respectively). CONCLUSION: We corroborate previously described findings that most rapidly growing PNs are observed in young children. DNLs tend to develop later in life and their growth is minimally age related. Distinct growth characteristics of PNs and DNLs suggest that these lesions have a different biology and may require different clinical management and clinical trial design. In a subset of PNs and DNLs, slow spontaneous regression in tumor volume was seen."
24321536,24321536,PMC3943976,10.1016/j.jpeds.2013.10.081,Puberty and plexiform neurofibroma tumor growth in patients with neurofibromatosis type I.,Dagalakis U; Lodish M; Dombi E; Sinaii N; Sabo J; Baldwin A; Steinberg SM; Stratakis CA; et al.,The Journal of pediatrics,2013,https://pubmed.ncbi.nlm.nih.gov/24321536/,growth_natural_history,Growth/natural history,retrospective cohort,Tested whether puberty accelerates plexiform neurofibroma growth in NF1.,Useful for deciding whether pubertal state should be an explicit growth covariate.,4.0,4.0,"Comparative Study; Journal Article; Observational Study; Research Support, N.I.H., Intramural","OBJECTIVE: To assess the relationship between pubertal progression and change in plexiform neurofibroma (PN) burden over time in pediatric and young adult patients with neurofibromatosis type 1 and PNs. STUDY DESIGN: Analyses accounted for sex, age, race, and chemotherapy. Forty-one patients with neurofibromatosis type 1 (15 female and 26 male patients) were studied at the National Institutes of Health. Tanner stage, testosterone, progesterone, estradiol, insulin-like growth factor -1, luteinizing hormone, and follicle-stimulating hormone were assessed. Tumor volume was measured using magnetic resonance imaging and lesion detection software developed locally. Patients were divided into 2 groups based on whether they were actively progressing through puberty (n = 16) or were peripubertal (n = 25) and were followed for an average of 20 months. Tumor growth rates in the puberty and peripubertal group were analyzed for a subset of patients. RESULTS: There was no statistically significant difference in tumor burden change over time (cm(2)/kg per month) between the pubertal and peripubertal groups (-0.16 ± 0.34 vs 0.03 ± 1.8, P = .31) and in the PN growth rates before and during puberty (P = .90). Change in tumor volume/patient weight/time did not correlate with testosterone change/time in males or estradiol change/time in females. CONCLUSION: These findings support that hormonal changes of puberty do not accelerate PN growth. Additional long-term follow-up of patients is necessary to further characterize the interaction between puberty and tumor growth."
39497113,39497113,PMC11536773,10.1186/s13023-024-03420-6,Whole-body MRI-based long-term evaluation of pediatric NF1 patients without initial tumor burden with evidence of newly developed peripheral nerve sheath tumors.,Schmalhofer ML; Farschtschi S; Kluwe L; Mautner VF; Adam G; Well L; Ristow I,Orphanet journal of rare diseases,2024,https://pubmed.ncbi.nlm.nih.gov/39497113/,growth_natural_history,Growth/natural history,pediatric whole-body MRI cohort,Long-term pediatric WBMRI followed patients without initial tumor burden and documented newly developed peripheral nerve sheath tumors.,Provides data for de novo tumor appearance probabilities in children.,4.2,4.4,"Journal Article; Research Support, Non-U.S. Gov't","BACKGROUND: Patients with neurofibromatosis type 1 (NF1) can develop plexiform neurofibromas (PN). Large tumor burden is a predictor for the development of malignant peripheral nerve sheath tumors. Whole-body magnetic resonance imaging (WB-MRI) is the recommended imaging method for the evaluation of PN. WB-MRI is recommended for NF1 patients at transition from adolescence to adulthood. In the absence of internal PN further follow-up WB-MRI is not considered necessary. PN are often detected in early childhood, leading to the assumption that they may be congenital lesions. It remains unclear whether this invariably applies to all patients or whether patients who initially displayed no tumors can still develop PN over time. Therefore, we retrospectively reviewed WB-MRI scans of pediatric patients with NF1 without initial tumor burden and compared these with long-term follow-up scans for presence of newly developed PN. METHODS: We retrospectively reviewed WB-MRI scans of 17 NF1-children (twelve male; median age at initial scan: 9 [IQR 6.1-11.9] years) who initially displayed no PN. MRI scans with a follow-up interval of at least 6 years (median follow-up interval: 9 [IQR 5.6-12.4] years) were reviewed in consensus by two radiologists regarding the development of new PN over time. RESULTS: New PN were identified in two out of 17 children without initial tumor burden in follow-up examinations. One of these two patients developed two larger distinct PN of 4.5 cm on the right upper arm and of 2.5 cm on the left thoracic wall between the age of ten and twelve. The second child developed multiple smaller PN along the major peripheral nerves between the age of eleven and 16. In addition, 15 of the children without initial tumor burden did not develop any distinct tumors for a period of at least 6 years. CONCLUSION: Our results indicate that PN can be newly detected in pediatric patients over time, even if no PN were detected on initial MRI scans. Therefore, it seems reasonable to perform at least a second MRI in pediatric NF1 patients at transition to adulthood, even if they did not display any tumor burden on initial MRI, and when the MRI was performed significantly under the age of 18. With this approach, tumors that may have developed between scans can be detected and patients at risk for complications can be identified."
20233971,20233971,PMC2910605,10.1182/blood-2009-09-242875,Mast cells and the neurofibroma microenvironment.,Staser K; Yang FC; Clapp DW,Blood,2010,https://pubmed.ncbi.nlm.nih.gov/20233971/,microenvironment,Microenvironment,review,"Reviews mast cells, Schwann cells, fibroblasts, blood vessels, and matrix as key neurofibroma microenvironment components.",Defines non-tumor cell classes for a multicellular model.,2.5,3.8,"Journal Article; Research Support, N.I.H., Extramural; Research Support, Non-U.S. Gov't; Review","Neurofibromatosis type 1 (NF1) is the most common genetic disorder with a predisposition to malignancy and affects 1 in 3500 persons worldwide. NF1 is caused by a mutation in the NF1 tumor suppressor gene that encodes the protein neurofibromin. Patients with NF1 have cutaneous, diffuse, and plexiform neurofibromas, tumors comprised primarily of Schwann cells, blood vessels, fibroblasts, and mast cells. Studies from human and murine models that closely recapitulate human plexiform neurofibroma formation indicate that tumorigenesis necessitates NF1 loss of heterozygosity in the Schwann cell. In addition, our most recent studies with bone marrow transplantation and pharmacologic experiments implicate haploinsufficiency of Nf1 (Nf1(+/-)) and c-kit signaling in the hematopoietic system as required and sufficient for tumor progression. Here, we review recent studies implicating the hematopoietic system in plexiform neurofibroma genesis, delineate the physiology of stem cell factor-dependent hematopoietic cells and their contribution to the neurofibroma microenvironment, and highlight the application of this research toward the first successful, targeted medical treatment of a patient with a nonresectable and debilitating neurofibroma. Finally, we emphasize the importance of the tumor microenvironment hypothesis, asserting that tumorigenic cells in the neurofibroma do not arise and grow in isolation."
16835260,16835260,PMC3024714,10.1093/hmg/ddl165,Nf1+/- mast cells induce neurofibroma like phenotypes through secreted TGF-beta signaling.,Yang FC; Chen S; Clegg T; Li X; Morgan T; Estwick SA; Yuan J; Khalaf W; et al.,Human molecular genetics,2006,https://pubmed.ncbi.nlm.nih.gov/16835260/,microenvironment,Microenvironment,mouse and cellular model,Nf1+/- mast cells induced neurofibroma-like phenotypes through secreted TGF-beta signaling.,Adds mast-cell/fibroblast signaling and collagen deposition pathways to the model.,2.7,4.1,"Journal Article; Research Support, N.I.H., Extramural; Research Support, U.S. Gov't, Non-P.H.S.","Neurofibromas are common tumors found in neurofibromatosis type 1 (NF1) patients. These complex tumors are composed of Schwann cells, mast cells, fibroblasts and perineurial cells embedded in collagen that provide a lattice for tumor invasion. Genetic studies demonstrate that in neurofibromas, nullizygous loss of Nf1 in Schwann cells and haploinsufficiency of Nf1 in non-neuronal cells are required for tumorigenesis. Fibroblasts are a major cellular constituent in neurofibromas and are a source of collagen that constitutes approximately 50% of the dry weight of the tumor. Here, we show that two of the prevalent heterozygous cells found in neurofibromas, mast cells and fibroblasts interact directly to contribute to tumor phenotype. Nf1+/- mast cells secrete elevated concentrations of the profibrotic transforming growth factor-beta (TGF-beta). In response to TGF-beta, both murine Nf1+/- fibroblasts and fibroblasts from human neurofibromas proliferate and synthesize excessive collagen, a hallmark of neurofibromas. We also establish that the TGF-beta response occurs via hyperactivation of a novel Ras-c-abl signaling pathway. Genetic or pharmacological inhibition of c-abl reverses fibroblast proliferation and collagen synthesis to wild-type levels. These studies identify a novel molecular target to inhibit neurofibroma formation."
23099891,23099891,PMC3547628,10.1007/s00401-012-1056-7,Neurofibroma-associated macrophages play roles in tumor growth and response to pharmacological inhibition.,Prada CE; Jousma E; Rizvi TA; Wu J; Dunn RS; Mayes DA; Cancelas JA; Dombi E; et al.,Acta neuropathologica,2012,https://pubmed.ncbi.nlm.nih.gov/23099891/,microenvironment,Microenvironment,mouse and pharmacology,Neurofibroma-associated macrophages contributed to tumor growth and drug response.,"Supports macrophage recruitment, density, and state as growth modifiers.",2.8,4.2,"Journal Article; Research Support, N.I.H., Extramural; Research Support, U.S. Gov't, Non-P.H.S.","Neurofibromatosis type 1 (NF1) is a common genetic disease that predisposes 30-50 % of affected individuals to develop plexiform neurofibromas. We found that macrophage infiltration of both mouse and human neurofibromas correlates with disease progression. Macrophages accounted for almost half of neurofibroma cells, leading us to hypothesize that nerve macrophages are inflammatory effectors in neurofibroma development and/or growth. We tested the effects of PLX3397, a dual kit/fms kinase inhibitor that blocks macrophage infiltration, in the Dhh-Cre; Nf1(flox/flox) mouse model of GEM grade I neurofibroma. In mice aged 1-4 months, prior to development of nerve pathology and neurofibroma formation, PLX3397 did not impair tumor initiation and increased tumor volume compared to controls. However, in mice aged 7-9 months, after tumor establishment, a subset of mice demonstrating the largest reductions in macrophages after PLX3397 exhibited cell death and tumor volume regression. Macrophages are likely to provide an initial line of defense against developing tumors. Once tumors are established, they become tumor permissive. Macrophage depletion may result in impaired tumor maintenance and represent a therapeutic strategy for neurofibroma therapy."
29596064,29596064,PMC6025974,10.1172/JCI99424,Contributions of inflammation and tumor microenvironment to neurofibroma tumorigenesis.,Liao CP; Booker RC; Brosseau JP; Chen Z; Mo J; Tchegnon E; Wang Y; Clapp DW; et al.,The Journal of clinical investigation,2018,https://pubmed.ncbi.nlm.nih.gov/29596064/,microenvironment,Microenvironment,mouse genetics and intervention,Inflammation and tumor microenvironment were functionally linked to neurofibroma tumorigenesis.,Supports inflammatory recruitment and cytokine fields after Schwann-cell NF1 loss.,2.9,4.2,"Journal Article; Research Support, N.I.H., Extramural","Neurofibromatosis type 1 associates with multiple neoplasms, and the Schwann cell tumor neurofibroma is the most prevalent. A hallmark feature of neurofibroma is mast cell infiltration, which is recruited by chemoattractant stem cell factor (SCF) and has been suggested to sustain neurofibroma tumorigenesis. In the present study, we use new, genetically engineered Scf mice to decipher the contributions of tumor-derived SCF and mast cells to neurofibroma development. We demonstrate that mast cell infiltration is dependent on SCF from tumor Schwann cells. However, removal of mast cells by depleting the main SCF source only slightly affects neurofibroma progression. Other inflammation signatures show that all neurofibromas are associated with high levels of macrophages regardless of Scf status. These findings suggest an active inflammation in neurofibromas and partly explain why mast cell removal alone is not sufficient to relieve tumor burden in this experimental neurofibroma model. Furthermore, we show that plexiform neurofibromas are highly associated with injury-prone spinal nerves that are close to flexible vertebras. In summary, our study details the role of inflammation in neurofibromagenesis. Our data indicate that prevention of inflammation and possibly also nerve injury at the observed tumor locations are therapeutic approaches for neurofibroma prophylaxis and that such treatment should be explored."
35589737,35589737,PMC9120229,10.1038/s41467-022-30466-6,Neuronal hyperexcitability drives central and peripheral nervous system tumor progression in models of neurofibromatosis-1.,Anastasaki C; Mo J; Chen JK; Chatterjee J; Pan Y; Scheaffer SM; Cobb O; Monje M; et al.,Nature communications,2022,https://pubmed.ncbi.nlm.nih.gov/35589737/,microenvironment,Microenvironment,mouse and iPSC models,NF1-mutant neuronal hyperexcitability promoted nervous system tumor progression; peripheral neuron activity-regulated COL1A2 increased NF1-deficient Schwann-cell proliferation.,Adds nerve activity and neuron-derived paracrine factors as spatially local growth inputs.,2.8,4.0,"Journal Article; Research Support, U.S. Gov't, Non-P.H.S.; Research Support, N.I.H., Extramural; Research Support, Non-U.S. Gov't","Neuronal activity is emerging as a driver of central and peripheral nervous system cancers. Here, we examined neuronal physiology in mouse models of the tumor predisposition syndrome Neurofibromatosis-1 (NF1), with different propensities to develop nervous system cancers. We show that central and peripheral nervous system neurons from mice with tumor-causing Nf1 gene mutations exhibit hyperexcitability and increased secretion of activity-dependent tumor-promoting paracrine factors. We discovered a neurofibroma mitogen (COL1A2) produced by peripheral neurons in an activity-regulated manner, which increases NF1-deficient Schwann cell proliferation, establishing that neurofibromas are regulated by neuronal activity. In contrast, mice with the Arg1809Cys Nf1 mutation, found in NF1 patients lacking neurofibromas or optic gliomas, do not exhibit neuronal hyperexcitability or develop these NF1-associated tumors. The hyperexcitability of tumor-prone Nf1-mutant neurons results from reduced NF1-regulated hyperpolarization-activated cyclic nucleotide-gated (HCN) channel function, such that neuronal excitability, activity-regulated paracrine factor production, and tumor progression are attenuated by HCN channel activation. Collectively, these findings reveal that NF1 mutations act at the level of neurons to modify tumor predisposition by increasing neuronal excitability and activity-regulated paracrine factor production."
33413690,33413690,PMC7792184,10.1186/s40478-020-01103-4,Human cutaneous neurofibroma matrisome revealed by single-cell RNA sequencing.,Brosseau JP; Sathe AA; Wang Y; Nguyen T; Glass DA; Xing C; Le LQ,Acta neuropathologica communications,2021,https://pubmed.ncbi.nlm.nih.gov/33413690/,mechanics_ecm,Mechanics/ECM,single-cell RNA sequencing,Single-cell analysis mapped the human cutaneous neurofibroma matrisome and matrix-producing cell populations.,Defines ECM species and likely cell sources for matrix deposition fields.,3.0,4.0,"Journal Article; Research Support, N.I.H., Extramural; Research Support, U.S. Gov't, Non-P.H.S.","Neurofibromatosis Type I (NF1) is a neurocutaneous genetic syndrome characterized by a wide spectrum of clinical presentations, including benign peripheral nerve sheath tumor called neurofibroma. These tumors originate from the Schwann cell lineage but other cell types as well as extracellular matrix (ECM) in the neurofibroma microenvironment constitute the majority of the tumor mass. In fact, collagen accounts for up to 50% of the neurofibroma's dry weight. Although the presence of collagens in neurofibroma is indisputable, the exact repertoire of ECM genes and ECM-associated genes (i.e. the matrisome) and their functions are unknown. Here, transcriptome profiling by single-cell RNA sequencing reveals the matrisome of human cutaneous neurofibroma (cNF). We discovered that classic pro-fibrogenic collagen I myofibroblasts are rare in neurofibroma. In contrast, collagen VI, a pro-tumorigenic ECM, is abundant and mainly secreted by neurofibroma fibroblasts. This study also identified potential cell type-specific markers to further elucidate the biology of the cNF microenvironment."
37140985,37140985,PMC10266775,10.1172/JCI168227,Basement membrane proteins in extracellular matrix characterize NF1 neurofibroma development and response to MEK inhibitor.,Jiang C; Kumar A; Yu Z; Shipman T; Wang Y; McKay RM; Xing C; Le LQ,The Journal of clinical investigation,2023,https://pubmed.ncbi.nlm.nih.gov/37140985/,mechanics_ecm,Mechanics/ECM,ECM biology and treatment response,Basement membrane ECM proteins characterized NF1 neurofibroma development and response to MEK inhibition.,Links ECM composition to tumor state and treatment response variables.,3.0,4.0,"Journal Article; Research Support, N.I.H., Extramural; Research Support, U.S. Gov't, Non-P.H.S.; Research Support, Non-U.S. Gov't","Neurofibromatosis type 1 (NF1) is one of the most common tumor-predisposing genetic disorders. Neurofibromas are NF1-associated benign tumors. A hallmark feature of neurofibromas is an abundant collagen-rich extracellular matrix (ECM) that constitutes more than 50% of the tumor dry weight. However, little is known about the mechanism underlying ECM deposition during neurofibroma development and treatment response. We performed a systematic investigation of ECM enrichment during plexiform neurofibroma (pNF) development and identified basement membrane (BM) proteins, rather than major collagen isoforms, as the most upregulated ECM component. Following MEK inhibitor treatment, the ECM profile displayed an overall downregulation signature, suggesting ECM reduction as a therapeutic benefit of MEK inhibition. Through these proteomic studies, TGF-β1 signaling was identified as playing a role in ECM dynamics. Indeed, TGF-β1 overexpression promoted pNF progression in vivo. Furthermore, by integrating single-cell RNA sequencing, we found that immune cells including macrophages and T cells produce TGF-β1 to induce Schwann cells to produce and deposit BM proteins for ECM remodeling. Following Nf1 loss, neoplastic Schwann cells further increased BM protein deposition in response to TGF-β1. Our data delineate the regulation governing ECM dynamics in pNF and suggest that BM proteins could serve as biomarkers for disease diagnosis and treatment response."
27617404,27617404,,10.1038/labinvest.2016.88,Immortalization of human normal and NF1 neurofibroma Schwann cells.,Li H; Chang LJ; Neubauer DR; Muir DF; Wallace MR,Laboratory investigation; a journal of technical methods and pathology,2016,https://pubmed.ncbi.nlm.nih.gov/27617404/,model_systems,Model systems,cell line resource,Established immortalized human normal and NF1 neurofibroma Schwann cell lines.,"Provides cell resources for parameterizing growth, migration, and drug response.",1.2,4.5,Evaluation Study; Journal Article,"Neurofibromas, which are benign Schwann cell tumors, are the hallmark feature in the autosomal dominant condition neurofibromatosis 1 (NF1) and are associated with biallelic loss of NF1 gene function. There is a need for effective therapies for neurofibromas, particularly the larger, plexiform neurofibromas. Tissue culture is an important tool for research. However, it is difficult to derive enriched human Schwann cell cultures, and most enter replicative senescence after 6-10 passages, impeding cell-based research in NF1. Through exogenous expression of human telomerase reverse transcriptase and murine cyclin-dependent kinase (mCdk4), normal (NF1 wild-type), neurofibroma-derived Schwann cells heterozygous for NF1 mutation, and neurofibroma-derived Schwann cells homozygous for NF1 mutation were immortalized, including some matched samples from the same NF1 patient. Initial experiments employed retroviral vectors, while subsequent work utilized lentiviral vectors carrying these genes because of improved efficiency. Expression of both transgenes was required for immortalization. Molecular and immunohistochemical analysis indicated that these cell lines are of Schwann cell lineage and have a range of phenotypes, many of which are consistent with their primary cultures. This is the first report of immortalization and detailed characterization of multiple human NF1 normal nerve and neurofibroma-derived Schwann cell lines, which will be highly useful research tools to study NF1 and other Schwann tumor biology and conditions."
29055717,29055717,PMC6863155,10.1016/j.expneurol.2017.10.012,Development of 3D culture models of plexiform neurofibroma and initial application for phenotypic characterization and drug screening.,Kraniak JM; Chalasani A; Wallace MR; Mattingly RR,Experimental neurology,2017,https://pubmed.ncbi.nlm.nih.gov/29055717/,model_systems,Model systems,3D culture and drug screening,Developed 3D plexiform neurofibroma culture models for phenotype characterization and drug screening.,"Directly informs 3D spheroid/co-culture model geometry, matrix proteolysis, and assay outputs.",2.5,5.0,"Journal Article; Research Support, N.I.H., Extramural; Research Support, Non-U.S. Gov't","Plexiform neurofibromas (PNs), which may be present at birth in up to half of children with type 1 neurofibromatosis (NF1), can cause serious loss of function, such as quadriparesis, and can undergo malignant transformation. Surgery is the first line treatment although the invasive nature of these tumors often prevents complete resection. Recent clinical trials have shown promising success for some drugs, notably selumetinib, an inhibitor of MAP kinase kinase (MEK). We have developed three-dimensional (3D) cell culture models of immortalized cells from NF1 PNs and of control Schwann cells (SCs) that we believe mimic more closely the in vivo condition than conventional two-dimensional (2D) cell culture. Our goal is to facilitate pre-clinical identification of potential targeted therapeutics for these tumors. Three drugs, selumetinib (a MEK inhibitor), picropodophyllin (an IGF-1R inhibitor) and LDN-193189 (a BMP2 inhibitor) were tested with dose-response design in both 2D and 3D cultures for their abilities to block net cell growth. Cell lines grown in 3D conditions showed varying degrees of resistance to the inhibitory actions of all three drugs. For example, control SCs became resistant to growth inhibition by selumetinib in 3D culture. LDN-193189 was the most effective drug in 3D cultures, with only slightly reduced potency compared to the 2D cultures. Characterization of these models also demonstrated increased proteolysis of collagen IV in the matrix by the PN driver cells as compared to wild-type SCs. The proteolytic capacity of the PN cells in the model may be a clinically significant property that can be used for testing the ability of drugs to inhibit their invasive phenotype."
29893754,29893754,PMC5996849,10.1038/sdata.2018.106,Pharmacological and genomic profiling of neurofibromatosis type 1 plexiform neurofibroma-derived schwann cells.,Ferrer M; Gosline SJC; Stathis M; Zhang X; Guo X; Guha R; Ryman DA; Wallace MR; et al.,Scientific data,2018,https://pubmed.ncbi.nlm.nih.gov/29893754/,model_systems,Model systems,pharmacogenomic resource,Generated pharmacological and genomic profiling data for plexiform neurofibroma-derived Schwann cells.,Useful for model priors on pathway dependencies and drug-response parameters.,1.2,4.5,Dataset; Journal Article,"Neurofibromatosis type I (NF1) is an autosomal dominant genetic condition characterized by peripheral nervous system tumors (PNSTs), including plexiform neurofibromas (pNFs) that cause nerve dysfunction, deformity, pain damage to adjacent structures, and can undergo malignant transformation. There are no effective therapies to prevent or treat pNFs. Drug discovery efforts are slowed by the 'benign' nature of the Schwann cells that are the progenitor cells of pNF. In this work we characterize a set of pNF-derived cell lines at the genomic level (via SNP Arrays, RNAseq, and Whole Exome- Sequencing), and carry out dose response-based quantitative high-throughput screening (qHTS) with a collection of 1,912 oncology-focused compounds in a 1536-well microplate cell proliferation assays. Through the characterization and screening of NF1-/-, NF1+/+ and NF1+/- Schwann cell lines, this resource introduces novel therapeutic avenues for the development for NF1 associated pNF as well as all solid tumors with NF1 somatic mutations. The integrated data sets are openly available for further analysis at http://www.synapse.org/pnfCellCulture."
30713041,30713041,PMC6373434,10.1016/j.stemcr.2019.01.001,Reprogramming Captures the Genetic and Tumorigenic Properties of Neurofibromatosis Type 1 Plexiform Neurofibromas.,Carrió M; Mazuelas H; Richaud-Patin Y; Gel B; Terribas E; Rosas I; Jimenez-Delgado S; Biayna J; et al.,Stem cell reports,2019,https://pubmed.ncbi.nlm.nih.gov/30713041/,model_systems,Model systems,iPSC reprogramming,Reprogramming captured genetic and tumorigenic properties of NF1 plexiform neurofibromas.,Provides developmental-cell-state models for initiation and differentiation assumptions.,1.7,4.0,"Journal Article; Research Support, Non-U.S. Gov't","Neurofibromatosis type 1 (NF1) is a tumor predisposition genetic disease caused by mutations in the NF1 tumor suppressor gene. Plexiform neurofibromas (PNFs) are benign Schwann cell (SC) tumors of the peripheral nerve sheath that develop through NF1 inactivation and can progress toward a malignant soft tissue sarcoma. There is a lack of non-perishable model systems to investigate PNF development. We reprogrammed PNF-derived NF1(-/-) cells, descendants from the tumor originating cell. These NF1(-/-)-induced pluripotent stem cells (iPSCs) captured the genomic status of PNFs and were able to differentiate toward neural crest stem cells and further to SCs. iPSC-derived NF1(-/-) SCs exhibited a continuous high proliferation rate, poor myelination ability, and a tendency to form 3D spheres that expressed the same markers as their PNF-derived primary SC counterparts. They represent a valuable model to study and treat PNFs. PNF-derived iPSC lines were banked for making them available."
33108355,33108355,PMC7773354,10.1172/JCI139807,Humanized neurofibroma model from induced pluripotent stem cells delineates tumor pathogenesis and developmental origins.,Mo J; Anastasaki C; Chen Z; Shipman T; Papke J; Yin K; Gutmann DH; Le LQ,The Journal of clinical investigation,2021,https://pubmed.ncbi.nlm.nih.gov/33108355/,model_systems,Model systems,humanized iPSC model,Humanized iPSC-derived neurofibroma models delineated pathogenesis and developmental origins.,Useful bridge between developmental origin and xenograft/3D physical systems.,2.0,4.3,"Journal Article; Research Support, N.I.H., Extramural; Research Support, Non-U.S. Gov't; Research Support, U.S. Gov't, Non-P.H.S.","Neurofibromatosis type 1 (NF1) is a common tumor predisposition syndrome caused by NF1 gene mutation, in which affected patients develop Schwann cell lineage peripheral nerve sheath tumors (neurofibromas). To investigate human neurofibroma pathogenesis, we differentiated a series of isogenic, patient-specific NF1-mutant human induced pluripotent stem cells (hiPSCs) into Schwannian lineage cells (SLCs). We found that, although WT and heterozygous NF1-mutant hiPSCs-SLCs did not form tumors following mouse sciatic nerve implantation, NF1-null SLCs formed bona fide neurofibromas with high levels of SOX10 expression. To confirm that SOX10+ SLCs contained the cells of origin for neurofibromas, both Nf1 alleles were inactivated in mouse Sox10+ cells, leading to classic nodular cutaneous and plexiform neurofibroma formation that completely recapitulated their human counterparts. Moreover, we discovered that NF1 loss impaired Schwann cell differentiation by inducing a persistent stem-like state to expand the pool of progenitors required to initiate tumor formation, indicating that, in addition to regulating MAPK-mediated cell growth, NF1 loss also altered Schwann cell differentiation to promote neurofibroma development. Taken together, we established a complementary humanized neurofibroma explant and, to our knowledge, first-in-kind genetically engineered nodular cutaneous neurofibroma mouse models that delineate neurofibroma pathogenesis amenable to future therapeutic target discovery and evaluation."
35172160,35172160,,10.1016/j.celrep.2022.110385,Modeling iPSC-derived human neurofibroma-like tumors in mice uncovers the heterogeneity of Schwann cells within plexiform neurofibromas.,Mazuelas H; Magallón-Lorenz M; Fernández-Rodríguez J; Uriarte-Arrazola I; Richaud-Patin Y; Terribas E; Villanueva A; Castellanos E; et al.,Cell reports,2022,https://pubmed.ncbi.nlm.nih.gov/35172160/,model_systems,Model systems,iPSC-derived xenograft model,iPSC-derived human neurofibroma-like tumors in mice revealed Schwann-cell heterogeneity within plexiform neurofibromas.,Supports multiple Schwann-lineage states in agent-based or hybrid models.,2.1,4.2,"Journal Article; Research Support, Non-U.S. Gov't","Plexiform neurofibromas (pNFs) are developmental tumors that appear in neurofibromatosis type 1 individuals, constituting a major source of morbidity and potentially transforming into a highly metastatic sarcoma (MPNST). pNFs arise after NF1 inactivation in a cell of the neural crest (NC)-Schwann cell (SC) lineage. Here, we develop an iPSC-based NC-SC in vitro differentiation system and construct a lineage expression roadmap for the analysis of different 2D and 3D NF models. The best model consists of generating heterotypic spheroids (neurofibromaspheres) composed of iPSC-derived differentiating NF1(-/-) SCs and NF1(+/-) pNF-derived fibroblasts (Fbs). Neurofibromaspheres form by maintaining highly proliferative NF1(-/-) cells committed to the NC-SC axis due to SC-SC and SC-Fb interactions, resulting in SC linage cells at different maturation points. Upon engraftment on the mouse sciatic nerve, neurofibromaspheres consistently generate human NF-like tumors. Analysis of expression roadmap genes in human pNF single-cell RNA-seq data uncovers the presence of SC subpopulations at distinct differentiation states."
38744290,38744290,PMC11133839,10.1016/j.crmeth.2024.100772,A platform for rapid patient-derived cutaneous neurofibroma organoid establishment and screening.,Nguyen HTL; Kohl E; Bade J; Eng SE; Tosevska A; Al Shihabi A; Tebon PJ; Hong JJ; et al.,Cell reports methods,2024,https://pubmed.ncbi.nlm.nih.gov/38744290/,model_systems,Model systems,patient-derived organoids,Established rapid patient-derived cutaneous neurofibroma organoids for screening.,Provides organoid-scale growth/readout systems for cutaneous neurofibroma model validation.,2.3,4.8,Journal Article,"Localized cutaneous neurofibromas (cNFs) are benign tumors that arise in the dermis of patients affected by neurofibromatosis type 1 syndrome. cNFs are benign lesions: they do not undergo malignant transformation or metastasize. Nevertheless, they can cover a significant proportion of the body, with some individuals developing hundreds to thousands of lesions. cNFs can cause pain, itching, and disfigurement resulting in substantial socio-emotional repercussions. Currently, surgery and laser desiccation are the sole treatment options but may result in scarring and potential regrowth from incomplete removal. To identify effective systemic therapies, we introduce an approach to establish and screen cNF organoids. We optimized conditions to support the ex vivo growth of genomically diverse cNFs. Patient-derived cNF organoids closely recapitulate cellular and molecular features of parental tumors as measured by immunohistopathology, methylation, RNA sequencing, and flow cytometry. Our cNF organoid platform enables rapid screening of hundreds of compounds in a patient- and tumor-specific manner."
37330719,37330719,PMC11246562,10.1016/j.jid.2023.01.042,Existing and Developing Preclinical Models for Neurofibromatosis Type 1-Related Cutaneous Neurofibromas.,Staedtke V; Topilko P; Le LQ; Grimes K; Largaespada DA; Cagan RL; Steensma MR; Stemmer-Rachamimov A; et al.,The Journal of investigative dermatology,2023,https://pubmed.ncbi.nlm.nih.gov/37330719/,model_systems,Model systems,review,Reviews existing and emerging preclinical models for NF1-related cutaneous neurofibromas.,Helps match experimental validation system to simulated neurofibroma subtype.,2.0,3.8,"Journal Article; Review; Research Support, Non-U.S. Gov't","Neurofibromatosis type 1 (NF1) is caused by a nonfunctional copy of the NF1 tumor suppressor gene that predisposes patients to the development of cutaneous neurofibromas (cNFs), the skin tumor that is the hallmark of this condition. Innumerable benign cNFs, each appearing by an independent somatic inactivation of the remaining functional NF1 allele, form in nearly all patients with NF1. One of the limitations in developing a treatment for cNFs is an incomplete understanding of the underlying pathophysiology and limitations in experimental modeling. Recent advances in preclinical in vitro and in vivo modeling have substantially enhanced our understanding of cNF biology and created unprecedented opportunities for therapeutic discovery. We discuss the current state of cNF preclinical in vitro and in vivo model systems, including two- and three-dimensional cell cultures, organoids, genetically engineered mice, patient-derived xenografts, and porcine models. We highlight the models' relationship to human cNFs and how they can be used to gain insight into cNF development and therapeutic discovery."
39061138,39061138,PMC11274591,10.3390/cancers16142498,A Fibroblast-Derived Secretome Stimulates the Growth and Invasiveness of 3D Plexiform Neurofibroma Spheroids.,Ji K; Schwenkel GJ; Mattingly RR; Sundararaghavan HG; Zhang ZG; Chopp M,Cancers,2024,https://pubmed.ncbi.nlm.nih.gov/39061138/,mechanics_ecm,Mechanics/ECM,3D spheroid and secretome model,Fibroblast-derived secretome stimulated growth and invasiveness of 3D plexiform neurofibroma spheroids.,Adds fibroblast paracrine signaling and extracellular vesicle effects to 3D growth rules.,2.7,4.8,Journal Article,"Plexiform neurofibromas (PNs) occur in about a half of neurofibromatosis type 1 (NF1) patients and have garnered significant research attention due to their capacity for growth and potential for malignant transformation. NF1 plexiform neurofibroma (pNF1) is a complex tumor composed of Schwann cell-derived tumor cells (Nf1-/-) and the tumor microenvironment (TME). Although it has been widely demonstrated that the TME is involved in the formation of neurofibromas, little is known about the effects of the TME on the subsequent progression of human pNF1. Elucidating the molecular interactions between tumor cells and the TME may provide new therapeutic targets to reduce the progression of pNF1. In the present study, we focused on the contributions of fibroblasts, the most abundant cell types in the TME, to the growth of pNF1. To simulate the TME, we used a three-dimensional (3D) coculture model of immortalized pNF1 tumor cells (Nf1-/-) and primary fibroblasts (Nf1+/-) derived from pNF1 patients. We performed live-cell imaging of 3D/4D (3D in real-time) cultures through confocal microscopy followed by 3D quantitative analyses using advanced imaging software. The growth of pNF1 spheroids in 3D cocultures with fibroblasts was significantly greater than that of pNF1 spheroids in 3D monocultures. An increase in the growth of pNF1 spheroids also occurred when they were cultured with conditioned media (CM) from fibroblasts. Moreover, fibroblast-derived CM increased the invasive outgrowth and further local invasion of pNF1 spheroids. Interestingly, when small extracellular vesicles (sEVs) were depleted from the fibroblast-derived CM, the stimulation of the growth of pNF1 spheroids was lost. Our results suggest that fibroblast-derived sEVs are a therapeutic target for reducing the growth of pNF1."
10.3390/cells15100877,,,10.3390/cells15100877,"Mechanical Stiffening Promotes Growth, Invasion-Associated Phenotypes, and Reduced Selumetinib Sensitivity in 3D Plexiform Neurofibroma Cultures",Ji K; Shi C; Zhang J; Mattingly RR,Cells,2026,https://www.mdpi.com/2073-4409/15/10/877,mechanics_ecm,Mechanics/ECM,3D culture mechanobiology,"ECM stiffening promoted growth, invasion-associated phenotypes, and reduced selumetinib sensitivity in 3D plexiform neurofibroma cultures.","Directly supports ECM stiffness as a mechanical state variable coupled to growth, invasion, and therapy response.",3.2,4.8,,
24166582,24166582,,10.1007/s11060-013-1293-1,Benign whole body tumor volume is a risk factor for malignant peripheral nerve sheath tumors in neurofibromatosis type 1.,Nguyen R; Jett K; Harris GJ; Cai W; Friedman JM; Mautner VF,Journal of neuro-oncology,2013,https://pubmed.ncbi.nlm.nih.gov/24166582/,malignant_transformation,Malignant transformation,clinical imaging cohort,Benign whole-body tumor volume was associated with MPNST risk in NF1.,Adds total tumor burden as a risk covariate for malignant-transformation modules.,4.3,4.0,"Journal Article; Research Support, Non-U.S. Gov't","The purpose of this study is to determine whether benign whole body tumor volume of plexiform neurofibromas (PNs) is a risk factor for malignant peripheral nerve sheath tumors (MPNST) in individuals with neurofibromatosis type 1 (NF1). Thirty-one NF1 patients with MPNSTs and 62 age- and sex-matched NF1 patients without MPNSTs, who had undergone whole body magnetic resonance imaging (MRI) were analyzed for benign whole body tumor volume. Mann-Whitney U test, Wilcoxon signed ranks test, Fisher's exact test (two-tailed), and logistic regression analysis were used for statistical analysis. Sixteen percent of all patients with MPNST did not have internal PN. The median whole body benign tumor volume in patients with PN was 352.0 mL among the MPNST group and 3.8 mL in the comparison group (p < 0.001). When the patients were stratified by age as younger or older than 30 years (median age of MPNST diagnosis), the median benign whole body tumor volume was 693.0 mL in MPNST patients and 0.0 mL in control patients younger than 30 years (p < 0.001). The mean number of PNs in MPNST patients was 2.8 (range 0-13, median 2.0) and 1.4 (range 0-13, median 1.0) in patients without MPNST (p = 0.001). The risk of MPNST development increased 0.2 % with each additional mL of benign PN volume (adjusted odds ratio [OR] = 1.002, 95 % confidence interval [CI] 1.001-1.003, p = 0.005) and was higher in patients younger than 30 years (adjusted OR = 1.007, 95 % CI 1.002-1.012, p = 0.003). Higher numbers of PNs, larger whole body benign tumor volume, and younger age are important risk factors for MPNST. We identified a subgroup of patients with MPNST without internal PN on MRI and the lack of correlation of MPNST development with tumor burden in older patients. These findings may alter our belief that all MPNSTs arise from pre-existing PNs and suggest that surveillance MRI based on clinical suspicion may be warranted in older patients, respectively."
21987445,21987445,,10.1002/gcc.20921,Atypical neurofibromas in neurofibromatosis type 1 are premalignant tumors.,Beert E; Brems H; Daniëls B; De Wever I; Van Calenbergh F; Schoenaers J; Debiec-Rychter M; Gevaert O; et al.,"Genes, chromosomes & cancer",2011,https://pubmed.ncbi.nlm.nih.gov/21987445/,malignant_transformation,Malignant transformation,genomic pathology,"Atypical neurofibromas were described as premalignant tumors, with CDKN2A/B deletion as an early progression step.",Defines a premalignant state transition between benign neurofibroma and MPNST.,3.8,4.0,Journal Article,"Benign peripheral nerve sheath tumors (PNSTs) are a characteristic feature of neurofibromatosis type I (NF1) patients. NF1 individuals have an 8-13% lifetime risk of developing a malignant PNST (MPNST). Atypical neurofibromas are symptomatic, hypercellular PNSTs, composed of cells with hyperchromatic nuclei in the absence of mitoses. Little is known about the origin and nature of atypical neurofibromas in NF1 patients. In this study, we classified the atypical neurofibromas in the spectrum of NF1-associated PNSTs by analyzing 65 tumor samples from 48 NF1 patients. We compared tumor-specific chromosomal copy number alterations between benign neurofibromas, atypical neurofibromas, and MPNSTs (low-, intermediate-, and high-grade) by karyotyping and microarray-based comparative genome hybridization (aCGH). In 15 benign neurofibromas (4 subcutaneous and 11 plexiform), no copy number alterations were found, except a single event in a plexiform neurofibroma. One highly significant recurrent aberration (15/16) was identified in the atypical neurofibromas, namely a deletion with a minimal overlapping region (MOR) in chromosome band 9p21.3, including CDKN2A and CDKN2B. Copy number loss of the CDKN2A/B gene locus was one of the most common events in the group of MPNSTs, with deletions in low-, intermediate-, and high-grade MPNSTs. In one tumor, we observed a clear transition from a benign-atypical neurofibroma toward an intermediate-grade MPNST, confirmed by both histopathology and aCGH analysis. These data support the hypothesis that atypical neurofibromas are premalignant tumors, with the CDKN2A/B deletion as the first step in the progression toward MPNST."
29409029,29409029,PMC5961015,10.1093/neuonc/noy013,The characteristics of 76 atypical neurofibromas as precursors to neurofibromatosis 1 associated malignant peripheral nerve sheath tumors.,Higham CS; Dombi E; Rogiers A; Bhaumik S; Pans S; Connor SEJ; Miettinen M; Sciot R; et al.,Neuro-oncology,2018,https://pubmed.ncbi.nlm.nih.gov/29409029/,malignant_transformation,Malignant transformation,pathology cohort,Characterized 76 atypical neurofibromas as precursors to NF1-associated MPNST.,Supports a distinct nodular/atypical compartment rather than direct benign-to-malignant conversion.,3.9,4.0,"Journal Article; Research Support, N.I.H., Extramural; Research Support, Non-U.S. Gov't","BACKGROUND: Neurofibromatosis 1 (NF1) leads to the development of benign and malignant peripheral nerve sheath tumors (MPNST). MPNST have been described to develop in preexisting benign plexiform neurofibromas (PN) and have a poor prognosis. Atypical neurofibromas (ANF) were recently described as precursor lesions for MPNST, making early detection and management of ANF a possible strategy to prevent MPNST. We aimed to clinically characterize ANF and identify management approaches. METHODS: We analyzed clinical, imaging, and pathology findings of all patients with NF1 and ANF at 3 institutions. RESULTS: Sixty-three patients had 76 ANF (32M/31F; median age 27.1 y). On MRI, most ANF appeared as distinct nodular lesions and were 18F-fluorodeoxyglucose (FDG) avid. Forty-six ANF were associated with pain, 19 with motor weakness, 45 were palpable or visible, and 13 had no clinical signs. Completely resected ANF (N = 57) have not recurred (median follow-up, 4.1 y; range, 0-14 y). Four ANF transformed into MPNST and 17 patients had a history of MPNST in a different location than was their ANF. CONCLUSIONS: Growth of distinct nodular lesions, pain, and FDG-PET avidity should raise concern for ANF in NF1. Patients with ANF are at greater risk for development of MPNST. Complete resection of ANF may prevent development of MPNST."
28592921,28592921,PMC5448069,10.1155/2017/7429697,Malignant Peripheral Nerve Sheath Tumors State of the Science: Leveraging Clinical and Biological Insights into Effective Therapies.,Kim A; Stewart DR; Reilly KM; Viskochil D; Miettinen MM; Widemann BC,Sarcoma,2017,https://pubmed.ncbi.nlm.nih.gov/28592921/,malignant_transformation,Malignant transformation,review,Reviews clinical and biological insights into MPNST therapy and progression.,Frames which model outputs are relevant if simulating malignant transformation.,4.0,3.5,Journal Article; Review,"Malignant peripheral nerve sheath tumor (MPNST) is the leading cause of mortality in patients with neurofibromatosis type 1. In 2002, an MPNST consensus statement reviewed the current knowledge and provided guidance for the diagnosis and management of MPNST. Although the improvement in clinical outcome has not changed, substantial progress has been made in understanding the natural history and biology of MPNST through imaging and genomic advances since 2002. Genetically engineered mouse models that develop MPNST spontaneously have greatly facilitated preclinical evaluation of novel drugs for translation into clinical trials led by consortia efforts. Continued work in identifying alterations that contribute to the transformation, progression, and metastasis of MPNST coupled with longitudinal follow-up, biobanking, and data sharing is needed to develop prognostic biomarkers and effective prevention and therapeutic strategies for MPNST."
